Dak Prescott ,Aconcagua
James Conner ,Aconcagua
Mike Evans,Aconcagua
Adam Thielen ,Aconcagua
Rob Gronkowski ,Aconcagua
Harrison Butker,Aconcagua
Romeo Okwara,Aconcagua
J.J. Watt,Aconcagua
De'Vondre Campbell,Aconcagua
Jeremy Chinn,Aconcagua
Daniel Sorensen,Aconcagua
Justin Herbert ,Boom or Bust
Dalvin Cook,Boom or Bust
Jonathan Taylor,Boom or Bust
Davante Adams,Boom or Bust
Mecole Hardman,Boom or Bust
DeAndre Hopkins,Boom or Bust
CeeDee Lamb,Boom or Bust
Greg Zuerlein,Boom or Bust
Clelin Ferrell,Boom or Bust
Chandler Jones,Boom or Bust
Devin Bush,Boom or Bust
Roquan Smith,Boom or Bust
Devin White,Boom or Bust
Minkah Fitzpatrick,Boom or Bust
Derwin James,Boom or Bust
Jabrill Peppers,Boom or Bust
Lamar Jackson,Arg Thunder
Russell Wilson,Arg Thunder
Derrick Henry,Arg Thunder
Sammy Watkins,Arg Thunder
Cairo Santos,Arg Thunder
Jonathan Allen,Arg Thunder
Khalil Mack,Arg Thunder
Desmond King,Arg Thunder
Ryan Tannehill,The Tannehillbillies
Gus Edwards,The Tannehillbillies
Josh Jacobs,The Tannehillbillies
A.J. Brown,The Tannehillbillies
Jared Goff ,Fredericksburg Flames
Joe Mixon,Fredericksburg Flames
Miles Sanders,Fredericksburg Flames
Chris Godwin,Fredericksburg Flames
Tee Higgins,Fredericksburg Flames
Van Jefferson,Fredericksburg Flames
Jarvis Landry,Fredericksburg Flames
DK Metcalf,Fredericksburg Flames
DeVante Parker,Fredericksburg Flames
Hunter Henry,Fredericksburg Flames
Austin Hooper,Fredericksburg Flames
Wil Lutz,Fredericksburg Flames
Derek Barnett,Fredericksburg Flames
Joey Bosa,Fredericksburg Flames
Leonard Williams,Fredericksburg Flames
Myles Jack,Fredericksburg Flames
Za'Darius Smith,Fredericksburg Flames
Keanu Neal,Fredericksburg Flames
Teddy Bridgewater,The Bills
Drew Lock,The Bills
Myles Gaskin,The Bills
Christian McCaffrey,The Bills
Marquise Brown,The Bills
Chase Claypool,The Bills
Justin Jefferson,The Bills
Terry McLaurin,The Bills
Tre'Quan Smith,The Bills
Anthony Firkser,The Bills
Cole Kmet,The Bills
Chris Boswell,The Bills
Ryan Fitzpatrick,PlayBills
Taysom Hill ,PlayBills
Alvin Kamara,PlayBills
Cole Beasley,PlayBills
Randall Cobb,PlayBills
Cooper Kupp,PlayBills
David Njoku,PlayBills
Robbie Gould,PlayBills
Ryan Succop,PlayBills
Kenneth Murray,PlayBills
Anthony Walker,PlayBills
Marlon Humphrey,PlayBills
Jeff Okudah,PlayBills
A.J. Terrell,PlayBills
Mike Gesicki ,Landry Parker and Associates
Jerome Baker,Landry Parker and Associates
Josh Allen,Our Miss Brooke
Tyreek Hill,Our Miss Brooke
Curtis Samuel,Our Miss Brooke
Tyler Higbee,Our Miss Brooke
Calais Campbell,Our Miss Brooke
Cameron Heyward,Our Miss Brooke
Chris Jones,Our Miss Brooke
Josey Jewell,Our Miss Brooke
Matt Milano,Our Miss Brooke
Kyle Fuller,Our Miss Brooke
Jordan Poyer,Our Miss Brooke
Raheem Mostert,Brighton B52s
Tony Pollard,Brighton B52s
D'Andre Swift,Brighton B52s
D.J. Moore,Brighton B52s
Allen Robinson,Brighton B52s
Mo Alie-Cox,Brighton B52s
Tyler Kroft,Brighton B52s
Danielle Hunter,Brighton B52s
Jarran Reed,Brighton B52s
Leonard Floyd,Brighton B52s
Dre Greenlaw,Brighton B52s
Deion Jones,Brighton B52s
Drue Tranquill,Brighton B52s
Adrian Amos,Brighton B52s
Kevin Byard,Brighton B52s
Ronnie Harrison,Brighton B52s
Baker Mayfield,Cereal Killers
Nick Chubb,Cereal Killers
Darrell Henderson,Cereal Killers
Calvin Ridley,Cereal Killers
Deebo Samuel,Cereal Killers
Irv Smith,Cereal Killers
Robert Tonyan,Cereal Killers
Myles Garrett,Cereal Killers
Shaquil Barrett,Cereal Killers
Joe Schobert,Cereal Killers
Isaiah Simmons,Cereal Killers
T.J. Watt,Cereal Killers
Jamal Adams,Cereal Killers
Antoine Winfield Jr.,Cereal Killers
Daniel Jones,Abdullah Oblongata
Tevin Coleman,Abdullah Oblongata
Aaron Jones,Abdullah Oblongata
Corey Davis,Abdullah Oblongata
Von Miller,Abdullah Oblongata
Fred Warner,Abdullah Oblongata
Landon Collins,Abdullah Oblongata
Tyrann Mathieu,Abdullah Oblongata
Kyler Murray,AnyGivenSunday
Matt Ryan,AnyGivenSunday
Mike Davis,AnyGivenSunday
Kenyan Drake,AnyGivenSunday
David Montgomery,AnyGivenSunday
Gabriel Davis,AnyGivenSunday
Tyler Lockett,AnyGivenSunday
Hayden Hurst,AnyGivenSunday
Daniel Carlson,AnyGivenSunday
Brian Burns,AnyGivenSunday
Lavonte David ,AnyGivenSunday
Neville Hewitt,AnyGivenSunday
Nick Kwiatkoski,AnyGivenSunday
Robert Spillane,AnyGivenSunday
Darnell Savage,AnyGivenSunday
Patrick Mahomes,The Dudes
Alexander Mattison,The Dudes
Tyler Boyd,The Dudes
D.J. Chark,The Dudes
Diontae Johnson,The Dudes
Darnell Mooney,The Dudes
Mike Williams,The Dudes
Travis Kelce,The Dudes
Dawson Knox,The Dudes
Jason Myers,The Dudes
Aaron Donald,The Dudes
Montez Sweat,The Dudes
Zach Cunningham,The Dudes
Matt Judon,The Dudes
Darius Leonard,The Dudes
Chuck Clark,The Dudes
Sam Darnold,Mad Cats
Chris Carson,Mad Cats
Austin Ekeler,Mad Cats
Antonio Gibson,Mad Cats
Stefon Diggs,Mad Cats
Jakobi Meyers,Mad Cats
JuJu Smith-Schuster,Mad Cats
T.J. Hockenson,Mad Cats
Justin Tucker,Mad Cats
DeForest Buckner,Mad Cats
Chase Young,Mad Cats
Jordyn Brooks,Mad Cats
Blake Martinez,Mad Cats
Patrick Queen,Mad Cats
Jalen Hurts,Lisbon City Chiefs
A.J. Dillon,Lisbon City Chiefs
Antonio Brown,Lisbon City Chiefs
K.J. Hamler,Lisbon City Chiefs
Michael Pittman,Lisbon City Chiefs
Mark Andrews,Lisbon City Chiefs
Jason Sanders,Lisbon City Chiefs
Stephon Tuitt,Lisbon City Chiefs
Jayon Brown,Lisbon City Chiefs
Foye Oluokun,Lisbon City Chiefs
Tom Brady,A Flawed Matrix
Jordan Love,A Flawed Matrix
La'Mical Perine,A Flawed Matrix
Brandon Aiyuk,A Flawed Matrix
Keelan Cole,A Flawed Matrix
Russell Gage,A Flawed Matrix
Jalen Guyton,A Flawed Matrix
Marquez Valdes-Scantling,A Flawed Matrix
Rodrigo Blankenship,A Flawed Matrix
Akiem Hicks,A Flawed Matrix
Sam Hubbard,A Flawed Matrix
Bradley Chubb,A Flawed Matrix
Cole Holcomb,A Flawed Matrix
Cory Littleton,A Flawed Matrix
Preston Smith,A Flawed Matrix
Jessie Bates,A Flawed Matrix
Justin Simmons,A Flawed Matrix
Khari Willis,A Flawed Matrix
Matthew Stafford ,Can Ya Digg It
Damien Harris,Can Ya Digg It
Ronald Jones,Can Ya Digg It
Devin Singletary,Can Ya Digg It
Keenan Allen,Can Ya Digg It
Parris Campbell,Can Ya Digg It
Dallas Goedert,Can Ya Digg It
George Kittle,Can Ya Digg It
Adam Trautman,Can Ya Digg It
Matt Prater,Can Ya Digg It
Yannick Ngakoue,Can Ya Digg It
Chase Winovich,Can Ya Digg It
Eric Kendricks,Can Ya Digg It
Shaq Thompson,Can Ya Digg It
Bobby Wagner,Can Ya Digg It
Harrison Smith,Can Ya Digg It
Chase Edmonds,Fitz got Hops
James Robinson,Fitz got Hops
Amari Cooper,Fitz got Hops
Noah Fant,Fitz got Hops
Tyler Bass,Fitz got Hops
Haason Reddick,Fitz got Hops
Kareem Hunt,Game of Jones
Odell Beckham Jr.,Game of Jones
Laviska Shenault Jr.,Game of Jones
Jonnu Smith,Game of Jones
Mason Crosby,Game of Jones
Arik Armstead,Game of Jones
Kenny Clark,Game of Jones
Demario Davis,Game of Jones
Bud Dupree,Game of Jones
Terrell Edmunds,Game of Jones
Micah Hyde,Game of Jones
